symbol,date,total_current_assets,total_non_current_assets,total_assets,cash_only,total_cash_and_due_from_banks,cash_and_short_term_investments,total_current_liabilities,total_non_current_liabilities,total_liabilities,total_equity,total_debt,stockholders_equity,total_revenue,cost_of_revenue,gross_income,operating_expenses,operating_income,non_operating_income,pretax_income,income_taxes,minorities,net_income,interest_expense_non_operating,ebit,ebitda,diluted_shares_outstanding,net_operating_cash_flow,net_investing_cash_flow,net_financing_cash_flow,net_increased_decreased,capital_expenditure,free_cash_flow,perating_income
TFAS.JK,2024-03-31,208118800523.0,37996806988.0,246115607511.0,,,3116769360.0,57917846720.0,2418388812.0,60336235532.0,185779371979.0,57102829021.0,183527270859.0,117864447071.0,112968000511.0,4896446560.0,4959949191.0,9856395751.0,-11812007463.0,-1955611712.0,,-22076305.0,-1933535407.0,1914059826.0,-41551886.0,,1652594364.9572651,-194707146.0,1180835000.0,-1512178124.0,-526050270.0,,,
TRON.JK,2024-03-31,167468065538.0,96498131090.0,263966196628.0,,,38414120445.0,17314058670.0,33184924270.0,50498982940.0,213467213688.0,35437406933.0,213467213688.0,30742764432.0,22134675632.0,8608088800.0,5834423821.0,14442512621.0,-12148074912.0,2294437709.0,,,2294437709.0,843434716.0,3137872425.0,,2699338481.1764708,-10982511047.0,-3887580846.0,11990000139.0,-2880091754.0,3760094286.0,-7222416761.0,
GOLD.JK,2024-03-31,61887050000.0,357480240000.0,419367290000.0,,,38954045000.0,36023702000.0,4116117000.0,40139819000.0,379227471000.0,2113346000.0,379226127000.0,12338030000.0,4534772000.0,7803258000.0,2609923000.0,10413181000.0,-5313206000.0,5099975000.0,-200171000.0,17000.0,4899804000.0,,,,1275986197.9166665,2347925000.0,-11573400000.0,-248333000.0,-9473808000.0,9166733000.0,11514658000.0,
NETV.JK,2024-03-31,692200391312.0,505828791580.0,1198029182892.0,,,17166305397.0,1927295403430.0,63983952336.0,1991279355766.0,-793250172874.0,1139349265685.0,-761478507322.0,81788646207.0,63331807975.0,18456838232.0,60814625189.0,79271463421.0,-155873621334.0,-76602157913.0,12374599125.0,-449985180.0,-63777573608.0,23439832595.0,-53162325318.0,,21259191202.666668,11958907414.0,3916208084.0,-6018291359.0,9856824139.0,4595610000.0,16554517414.0,
DPNS.JK,2024-03-31,250365153985.0,94384719083.0,344749873068.0,,,38660706140.0,6134463660.0,8281117883.0,14415581543.0,330334291525.0,,330334291525.0,17842664717.0,13333218135.0,4509446582.0,6607150618.0,11116597200.0,-8361088471.0,2755508729.0,-89383777.0,,2666124952.0,,,,331195646.2111801,15281287285.0,-33033094376.0,,-17751807091.0,8300000.0,15289587285.0,
INTP.JK,2024-03-31,8600757000000.0,20173243000000.0,28774000000000.0,,,2519995000000.0,6271436000000.0,1295024000000.0,7566460000000.0,21207540000000.0,2767101000000.0,21207540000000.0,4082568000000.0,2902396000000.0,1180172000000.0,876564000000.0,2056736000000.0,-1758719000000.0,298017000000.0,-59988000000.0,,238029000000.0,48115000000.0,346132000000.0,,3431295949.257604,-526481000000.0,-26794000000.0,-118302000000.0,-671577000000.0,27020000000.0,-499461000000.0,
SFAN.JK,2024-03-31,227501264619.0,29062906721.0,256564171340.0,,,41237684036.0,62584719681.0,4271156206.0,66855875887.0,189708295453.0,970870815.0,150347808643.0,-4220684840.0,19770632.0,-4240455472.0,10026945336.0,5786489864.0,-22757297781.0,-16970807917.0,,1836630777.0,-18807438694.0,55567664.0,-16915240253.0,,1359901568.6189444,-129920288.0,-3026386606.0,-136520258.0,-3292827152.0,25811775.0,-104108513.0,
BWPT.JK,2024-03-31,1378524000000.0,8711119000000.0,10089643000000.0,,,63008000000.0,3579257000000.0,4277218000000.0,7856475000000.0,2233168000000.0,4604143000000.0,2220540000000.0,943361000000.0,666168000000.0,277193000000.0,94311000000.0,371504000000.0,-289321000000.0,82183000000.0,-31297000000.0,3393000000.0,47493000000.0,121033000000.0,203216000000.0,,31041.176470588234,236411000000.0,-6139000000.0,-194633000000.0,35639000000.0,6200000000.0,242611000000.0,
JAWA.JK,2024-03-31,337190877756.0,3393457344476.0,3730648222232.0,,,9076653171.0,681196028568.0,2034421692965.0,2715617721533.0,1015030500699.0,1879844379117.0,1006912905806.0,190935051293.0,189394347907.0,1540703386.0,13305619325.0,14846322711.0,-46986903173.0,-32140580462.0,-3901331593.0,-137087892.0,-35904824163.0,45436731222.0,13296150760.0,,16246526770.588236,-53124441966.0,-27203538544.0,82373410921.0,2045430411.0,27115581348.0,-26008860618.0,
DART.JK,2024-03-31,122534504000.0,6169700607000.0,6292235111000.0,,,35768596000.0,1067326327000.0,3562456306000.0,4629782633000.0,1662452478000.0,3481533091000.0,1662480945000.0,115552660000.0,65741190000.0,49811470000.0,37676752000.0,87488222000.0,-159411375000.0,-71923153000.0,-4153476000.0,-999000.0,-76076629000.0,82002087000.0,10078934000.0,,3169817916.6666665,9966183000.0,-2371034000.0,-10598867000.0,-3003718000.0,2181466000.0,12147649000.0,
DYAN.JK,2024-03-31,490437504640.0,673247432657.0,1163684937297.0,,,196785287029.0,368989748166.0,164175640104.0,533165388270.0,630519549027.0,243829316972.0,604840820992.0,383391976838.0,245083739732.0,138308237106.0,87736899170.0,226045136276.0,-180019826173.0,46025310103.0,-8291028227.0,-2649855118.0,40384136994.0,5256017321.0,51281327424.0,,4487126332.666667,1533927785.0,-15930179973.0,-26263236436.0,-40659488624.0,15262156949.0,16796084734.0,
INTA.JK,2024-03-31,771781000000.0,1631421000000.0,2403202000000.0,,,90159000000.0,773807000000.0,3574895000000.0,4348702000000.0,-1945500000000.0,3656031000000.0,-1738045000000.0,283399000000.0,216735000000.0,66664000000.0,43063000000.0,109727000000.0,-110261000000.0,-534000000.0,-13839000000.0,-6382000000.0,-7991000000.0,36663000000.0,36129000000.0,,3995.5,3758000000.0,5467000000.0,-20529000000.0,-11304000000.0,476000000.0,4234000000.0,
JARR.JK,2024-03-31,1321320053973.0,2290080527226.0,3611400581199.0,,,192255603339.0,311786612720.0,1827911493045.0,2139698105765.0,1471702475434.0,1907427447937.0,1471702475434.0,826998281252.0,761736722564.0,65261558688.0,10787736682.0,76049295370.0,-37419859894.0,38629435476.0,-8498475804.0,,30130959672.0,19800071192.0,58429506668.0,,9242625666.25767,82340572692.0,-28987906716.0,-21314670622.0,32037995354.0,29437906716.0,111778479408.0,
ASLI.JK,2024-03-31,286213646214.0,251675737532.0,537889383746.0,,,7231783849.0,50806418404.0,10695087560.0,61501505964.0,476387877782.0,34036960076.0,475102619833.0,69792821972.0,50506248074.0,19286573898.0,13683958216.0,32970532114.0,-29361755939.0,3608776175.0,-1965636719.0,4820845.0,1638318611.0,1968444594.0,5577220769.0,,381699941051.5548,-43947435284.0,-80146796189.0,116399452302.0,-7694779171.0,146796189.0,-43800639095.0,
KOKA.JK,2024-03-31,132793522957.0,68574378438.0,201367901395.0,,,12671403313.0,28572081545.0,564429933.0,29136511478.0,172231389917.0,2147663503.0,172231389917.0,21289752444.0,15699047744.0,5590704700.0,4036623645.0,9627328345.0,-8138642979.0,1488685366.0,-526234477.0,,962450889.0,,,,2830737908.823529,-16172948722.0,-984403859.0,1059346019.0,-16098006562.0,984403859.0,-15188544863.0,
KIOS.JK,2024-03-31,64843692189.0,98360722449.0,163204414638.0,,,1497745756.0,15517839701.0,578160973.0,16096000674.0,147108413964.0,,146653851743.0,20132355026.0,19479494085.0,652860941.0,6479895733.0,7132756674.0,-12959411053.0,-5826654379.0,1262930633.0,4803791.0,-4568527537.0,,,,1074947655.764706,392400201.0,-15861790.0,,376538411.0,15861790.0,408261991.0,
HALO.JK,2024-03-31,116714693481.0,134500092230.0,251214785711.0,,,14694227010.0,43619469105.0,37556442022.0,81175911127.0,170038874584.0,7181647715.0,170038874584.0,30565422800.0,26089725587.0,4475697213.0,3947131680.0,8422828893.0,-7906214171.0,516614722.0,-158341480.0,,358273242.0,,,,5971220700.0,18167288300.0,-318696171.0,-9699344747.0,8149247382.0,318696171.0,18485984471.0,
KOBX.JK,2024-03-31,2423022812101.0,1128625586941.0,3551648399042.0,,,58626806420.0,2729285747954.0,380710103605.0,3109995851559.0,441652547483.0,1545456727240.0,439152337466.0,531936305305.0,430824307458.0,101111997847.0,67281701230.0,168393699077.0,-206115170586.0,-37721471509.0,-3955601019.0,229660506.0,-41906733034.0,48754094424.0,11032622915.0,,2272500000.0,266722504152.0,-1935568871.0,-320396312241.0,-55609376960.0,4578870244.0,271301374396.0,
ASHA.JK,2024-03-31,92978903755.0,108485763983.0,201464667738.0,,,1892366156.0,31383726966.0,10956458545.0,42340185511.0,159124482227.0,10754063661.0,159124482227.0,54284598171.0,47061762741.0,7222835430.0,7774738996.0,14997574426.0,-14816525829.0,181048597.0,-162078620.0,,18969977.0,216369686.0,397418283.0,,4742494250.0,-124155494.0,-14861860.0,800270799.0,661253445.0,14861860.0,-109293634.0,
ERAL.JK,2024-03-31,1564661323862.0,498593311343.0,2063254635205.0,,,320236958433.0,463436531923.0,94084840959.0,557521372882.0,1505733262323.0,112141047087.0,1504945248549.0,1091783820367.0,955232728175.0,136551092192.0,98978229115.0,235529321307.0,-183901096347.0,51628224960.0,-11018658420.0,-669258.0,40610235798.0,2191422057.0,53819647017.0,,5186492439.08046,-148123115612.0,-12874744413.0,-11996901461.0,-172994761486.0,11856677608.0,-136266438004.0,
BAIK.JK,2024-03-31,106281517152.0,30549079972.0,136830597124.0,,,24606830915.0,10741798890.0,429171917.0,11170970807.0,125659626317.0,261733047.0,124998999806.0,41840827542.0,32022274846.0,9818552696.0,5981611139.0,15800163835.0,-11989392941.0,3810770894.0,,-106183644.0,3916954538.0,29741800.0,3840512694.0,,1155443816.519174,-37344249608.0,-4118797887.0,62526518932.0,21063471437.0,4118797887.0,-33225451721.0,
HRME.JK,2024-03-31,24396991122.0,893099283993.0,917496275115.0,,,15228299518.0,34434667446.0,245128035725.0,279562703171.0,637933571944.0,239508219176.0,637931264211.0,26225115055.0,10465055102.0,15760059953.0,13284191504.0,29044251457.0,-31729196468.0,-2684945011.0,-255550391.0,10437.0,-2940505839.0,3527042277.0,842097266.0,,6001032324.489796,545870032.0,-612261066.0,-416268134.0,-482659168.0,612261066.0,1158131098.0,
MERK.JK,2024-03-31,829536055000.0,237799924000.0,1067335979000.0,,,200589990000.0,206329911000.0,41472722000.0,247802633000.0,819533346000.0,,819533346000.0,249496112000.0,174709596000.0,74786516000.0,47092976000.0,121879492000.0,-90731956000.0,31147536000.0,-7492983000.0,0.0,23654553000.0,95219000.0,31242755000.0,,446312.320754717,5863377000.0,-949482000.0,-5760730000.0,-846835000.0,949482000.0,6812859000.0,
GEMS.JK,2024-03-31,885613582.0,469732159.0,1355345741.0,,,350878920.0,446643484.0,71198388.0,517841872.0,837503869.0,158618090.0,825756966.0,715641070.0,378293895.0,337347175.0,111352084.0,448699259.0,-222195144.0,226504115.0,-51370682.0,3415066.0,171718367.0,3357641.0,229861756.0,,5921323000.0,138840970.0,-9638104.0,-94277296.0,34925570.0,3225382.0,142066352.0,
ACRO.JK,2024-03-31,74828893671.0,82727713091.0,157556606762.0,,,44163633887.0,23753468622.0,2514748636.0,26268217258.0,131288389504.0,20754325000.0,131288389504.0,13168704267.0,7153361175.0,6015343092.0,1101107489.0,7116450581.0,-3572821946.0,3543628635.0,-750988244.0,,2792640391.0,445798600.0,3989427235.0,,2471363177.8761063,-11235673558.0,-104467218.0,53252650047.0,41912509271.0,104467218.0,-11131206340.0,
ADMR.JK,2024-03-31,892405040.0,889946337.0,1782351377.0,,,620308138.0,201301009.0,428229109.0,629530118.0,1152821259.0,101231790.0,1091513102.0,274535673.0,117473633.0,157062040.0,11282078.0,168344118.0,-21029682.0,147314436.0,-31677400.0,-409841.0,116046877.0,6944659.0,154259095.0,,41445313214.28571,139724737.0,-77097712.0,-29579546.0,33047479.0,77097712.0,216822449.0,
SMAR.JK,2024-03-31,18696116000000.0,20025620000000.0,38721736000000.0,,,903786000000.0,9843371000000.0,9580082000000.0,19423453000000.0,19298283000000.0,14976730000000.0,19284948000000.0,17882988000000.0,16166530000000.0,1716458000000.0,1353436000000.0,3069894000000.0,-2862467000000.0,207427000000.0,-29556000000.0,2000000.0,177869000000.0,297018000000.0,504445000000.0,,2868854838.709677,949783000000.0,-482759000000.0,-1214108000000.0,-747084000000.0,474197000000.0,1423980000000.0,
ICBP.JK,2024-03-31,41289519000000.0,82306845000000.0,123596364000000.0,,,22743959000000.0,11224464000000.0,47793244000000.0,59017708000000.0,64578656000000.0,44832826000000.0,43086665000000.0,19921905000000.0,12320546000000.0,7601359000000.0,2799523000000.0,10400882000000.0,-7002160000000.0,3398722000000.0,-674797000000.0,371851000000.0,2352074000000.0,1702533000000.0,5101255000000.0,,11643.930693069307,1584108000000.0,-312239000000.0,-436197000000.0,835672000000.0,320723000000.0,1904831000000.0,
TNCA.JK,2024-03-31,23681554270.0,29803836482.0,53485390752.0,,,2558366792.0,7754771900.0,1162969939.0,8917741839.0,44567648913.0,1175035036.0,44570062564.0,16697853905.0,11654285901.0,5043568004.0,3676437254.0,8720005258.0,-7446618817.0,1273386441.0,-211888593.0,857433.0,1060640415.0,31741688.0,1305128129.0,,420889053.5714286,-499150537.0,,-124528200.0,-623678737.0,,,
MREI.JK,2024-03-31,,,4864799299034.0,16771386766.0,,,,,3385595204997.0,1474388085713.0,,1474388085713.0,712527410960.0,,,,,,20631968928.0,14241169679.0,,34873138607.0,,,,517791681.0,-8284152807.0,16289828120.0,,8005675313.0,74378940.0,-8209773867.0,34873138607.0
INDX.JK,2024-03-31,3707499092.0,47305820487.0,51013319579.0,,,2972496063.0,7802381985.0,9055880565.0,16858262550.0,34155057029.0,8334359727.0,34150293678.0,82258821.0,518302467.0,-436043646.0,3093819431.0,2657775785.0,-6176480667.0,-3518704882.0,,1744.0,-3518706626.0,,,,437650077.86069655,-3238092216.0,,2350576665.0,-887515551.0,,,
APEX.JK,2024-03-31,79608408.0,180038605.0,259647013.0,,,7494890.0,17609973.0,175325321.0,192935294.0,66711719.0,129900739.0,66711719.0,23786450.0,,23786450.0,20160807.0,43947257.0,-41704156.0,2243101.0,-538576.0,,1704525.0,1077208.0,3320309.0,,2840875000.0000005,2705742.0,-2641292.0,-1182561.0,-1118111.0,2656205.0,5361947.0,
GGRM.JK,2024-03-31,54970982000000.0,38299196000000.0,93270178000000.0,,,4466011000000.0,29674163000000.0,2137599000000.0,31811762000000.0,61458416000000.0,12552867000000.0,61458344000000.0,26264938000000.0,23472554000000.0,2792384000000.0,1870107000000.0,4662491000000.0,-3871244000000.0,791247000000.0,-195674000000.0,1000000.0,595572000000.0,190658000000.0,981905000000.0,,1921.2,2081198000000.0,-1038476000000.0,-200000000000.0,842722000000.0,1046986000000.0,3128184000000.0,
HITS.JK,2024-03-31,84432383.0,192150767.0,276583150.0,,,44355838.0,46817756.0,122774399.0,169592155.0,106990995.0,76605284.0,65233190.0,29616443.0,23616106.0,6000337.0,3522458.0,9522795.0,-7483916.0,2038879.0,-401496.0,-519425.0,2156808.0,1025775.0,3064654.0,,6957445161.290322,20146607.0,-16239288.0,-292726.0,3614593.0,17020769.0,37167376.0,
RONY.JK,2024-03-31,6644243480.0,1653182230.0,8297425710.0,,,64644778.0,3506168243.0,29257923.0,3535426166.0,4761999544.0,1754675361.0,4761999544.0,521915271.0,210560430.0,311354841.0,283507152.0,594861993.0,-567173615.0,27688378.0,,,27688378.0,199500.0,27887878.0,,1384418900.0,57910524.0,,,57910524.0,,,
INPP.JK,2024-03-31,2116245316745.0,7524346364022.0,9640591680767.0,,,457486940809.0,1093807232581.0,2488917781448.0,3582725014029.0,6057866666738.0,1903951622066.0,5451089251495.0,262583176143.0,89237006706.0,173346169437.0,125701162589.0,299047332026.0,-158552431652.0,140494900374.0,-6540139321.0,16068885895.0,117885875158.0,43432309444.0,183927209818.0,,11184618136.432638,42845491760.0,-152575159730.0,148466797460.0,38737129490.0,152644659730.0,195490151490.0,
GHON.JK,2024-03-31,131792869000.0,1241190545000.0,1372983414000.0,,,16421572000.0,330878803000.0,190575484000.0,521454287000.0,851529127000.0,402240325000.0,829394901000.0,53920980000.0,19609211000.0,34311769000.0,8226220000.0,42537989000.0,-24761647000.0,17776342000.0,-1292136000.0,373552000.0,16110654000.0,7884049000.0,25660391000.0,,537021800.0,25011268000.0,-102052593000.0,6402391000.0,-70638934000.0,103102652000.0,128113920000.0,
SAPX.JK,2024-03-31,257935502925.0,74446503790.0,332382006715.0,,,59207786103.0,145296777792.0,7744119987.0,153040897779.0,179341108936.0,64699788785.0,179341108936.0,189963260751.0,149384709746.0,40578551005.0,37246205144.0,77824756149.0,-74907373036.0,2917383113.0,-641824284.0,,2275558829.0,1711543943.0,4628927056.0,,833538032.6007326,7808221825.0,1253276962.0,-13105935930.0,-4044437143.0,709723038.0,8517944863.0,
SSTM.JK,2024-03-31,216829644409.0,195816812891.0,412646457300.0,,,3145596184.0,134771886579.0,36014052852.0,170785939431.0,241860517869.0,,241860517869.0,61739072767.0,56250375089.0,5488697678.0,3310773969.0,8799471647.0,-2110157537.0,6689314110.0,-690678565.0,,5998635545.0,56591548.0,6745905658.0,,1199727109.0,1257754497.0,-490000000.0,,767754497.0,490000000.0,1747754497.0,
WIFI.JK,2024-03-31,314574004710.0,1707862016482.0,2022436021192.0,,,35768737603.0,289479038144.0,959969895905.0,1249448934049.0,772987087143.0,960791618891.0,771005006772.0,139781211970.0,59851711698.0,79929500272.0,15654491646.0,95583991918.0,-50537605873.0,45046386045.0,-15759398823.0,-101817815.0,29388805037.0,19271528558.0,64317914603.0,,2323225694.624506,-159163330830.0,-249999656705.0,404859186008.0,-4303801527.0,249999656705.0,90836325875.0,
AMIN.JK,2024-03-31,241196346116.0,102470930458.0,343667276574.0,,,3946215416.0,156707399706.0,13118625651.0,169826025357.0,173841251217.0,50952350891.0,173841251217.0,76240835987.0,66641691887.0,9599144100.0,3761147751.0,13360291851.0,-8604931644.0,4755360207.0,,,4755360207.0,1227284635.0,5982644842.0,,1080763683.4090908,996910920.0,-887511388.0,-5099204973.0,-4989805441.0,887511388.0,1884422308.0,
PORT.JK,2024-03-31,1029933436000.0,654860673000.0,1684794109000.0,,,239764055000.0,516447930000.0,154636649000.0,671084579000.0,1013709530000.0,200805067000.0,1083640237000.0,303604904000.0,227232190000.0,76372714000.0,19167046000.0,95539760000.0,-40979485000.0,54560275000.0,-14423061000.0,-8902127000.0,27792983000.0,4959304000.0,59519579000.0,,2813054959.51417,66608450000.0,-116593000.0,-52686683000.0,13805174000.0,116593000.0,66725043000.0,
CPRO.JK,2024-03-31,2524971000000.0,4521660000000.0,7046631000000.0,,,99024000000.0,2325749000000.0,1202269000000.0,3528018000000.0,3518613000000.0,2095931000000.0,3515564000000.0,2289408000000.0,1869286000000.0,420122000000.0,229366000000.0,649488000000.0,-516966000000.0,132522000000.0,-33612000000.0,25000000.0,98885000000.0,42864000000.0,175386000000.0,,58167.64705882353,149152000000.0,-55203000000.0,-70238000000.0,23711000000.0,55220000000.0,204372000000.0,
KRAS.JK,2024-03-31,631122000.0,2163128000.0,2794250000.0,,,97853000.0,2107769000.0,226746000.0,2334515000.0,459735000.0,1817059000.0,488965000.0,231793000.0,211852000.0,19941000.0,26924000.0,46865000.0,-72742000.0,-25877000.0,-1469000.0,1797000.0,-29143000.0,30606000.0,4729000.0,,19428666.666666668,-20577000.0,2741000.0,-6057000.0,-23893000.0,1235000.0,-19342000.0,
ABDA.JK,2024-03-31,,,2713894490000.0,681964220000.0,,,,,1199926707000.0,1513967783000.0,,1513917291000.0,249566516000.0,,,,,,10731847000.0,1311815000.0,,12043662000.0,,,,633995.4736842106,-6882170000.0,-33805989000.0,0.0,-40688159000.0,2212204000.0,-4669966000.0,12043662000.0
GTBO.JK,2024-03-31,15366120.0,46170869.0,61536989.0,,,6779310.0,7854764.0,2071576.0,9926340.0,51610649.0,,51610649.0,11641181.0,5683204.0,5957977.0,3470883.0,9428860.0,-6980610.0,2448250.0,-538615.0,,1909635.0,,,,1909635000.0,-573373.0,,-700000.0,-1273373.0,,,
PEVE.JK,2024-03-31,983495726422.0,29346884224.0,1012842610646.0,,,4094962498.0,727006761393.0,43254196363.0,770260957756.0,242581652890.0,88739354990.0,242581498804.0,714492921204.0,628603028721.0,85889892483.0,70745894158.0,156635786641.0,-143001689744.0,13634096897.0,-2999501317.0,-627387.0,10635222967.0,1500401043.0,15134497940.0,,1766648333.3887043,-14276860475.0,-1953983083.0,15833706464.0,-397137094.0,2093622724.0,-12183237751.0,
RGAS.JK,2024-03-31,66756963181.0,23273873640.0,90030836821.0,,,26568371584.0,2593202094.0,728824537.0,3322026631.0,86708810190.0,,86626858399.0,20530026602.0,14407709664.0,6122316938.0,4521856005.0,10644172943.0,-8817534226.0,1826638717.0,-615650315.0,-1421194.0,1212409596.0,,,,1460734453.0120482,3867852695.0,-708066423.0,,3159786272.0,721042460.0,4588895155.0,
MDIA.JK,2024-03-31,7128200047000.0,866564001000.0,7994764048000.0,,,10184264000.0,6038377161000.0,96548456000.0,6134925617000.0,1859838431000.0,1798147606000.0,1842094464000.0,173199428000.0,75274815000.0,97924613000.0,74408607000.0,172333220000.0,-239725287000.0,-67392067000.0,-3449122000.0,-36959000.0,-70804230000.0,,,,39215538.4,-317480000.0,1312488000.0,-151996000.0,843012000.0,-887488000.0,-1204968000.0,
NTBK.JK,2024-03-31,109402085569.0,21646584704.0,131048670273.0,,,12359461576.0,30620728465.0,5367895999.0,35988624464.0,95060045809.0,896656430.0,95060045809.0,21749289479.0,18338094906.0,3411194573.0,3353721536.0,6764916109.0,-6667735875.0,97180234.0,-85501077.0,,11679157.0,,,,2919789250.0,746730930.0,-75221500.0,-10084765817.0,-9413256387.0,75221500.0,821952430.0,
CNTX.JK,2024-03-31,14031440.0,17876801.0,31908241.0,,,203107.0,51223889.0,2265928.0,53489817.0,-21581576.0,16000000.0,-21581576.0,6999357.0,7023551.0,-24194.0,784736.0,760542.0,-2217230.0,-1456688.0,0.0,,-1456688.0,711427.0,-745261.0,,-145668800.0,-573820.0,40340.0,663664.0,130184.0,-38174.0,-611994.0,
AXIO.JK,2024-03-31,627471828555.0,255992172261.0,883464000816.0,,,28743274386.0,316495996801.0,27313824038.0,343809820839.0,539654179977.0,129263481675.0,518600800078.0,201105316982.0,170142219885.0,30963097097.0,22120932592.0,53084029689.0,-45703889990.0,7380139699.0,-835272159.0,1219570961.0,5325296579.0,1762708433.0,9142848132.0,,5851974262.6373625,-78119164967.0,-3860781296.0,51509060721.0,-30470885542.0,3860781296.0,-74258383671.0,
PICO.JK,2024-03-31,342537509105.0,369087708514.0,711625217619.0,,,5228912734.0,182619063258.0,321624050194.0,504243113452.0,207382104167.0,113815439111.0,207382104167.0,172189093177.0,155903135132.0,16285958045.0,9379012705.0,25664970750.0,-23440240143.0,2224730607.0,205830420.0,,2430561027.0,,,,565246750.4651163,378622108.0,1058550092.0,-1474381657.0,-37209457.0,90872677.0,469494785.0,
UFOE.JK,2024-03-31,244167402795.0,237295569372.0,481462972167.0,,,14014941644.0,251822508901.0,15904100212.0,267726609113.0,213736363054.0,96895363930.0,213105642187.0,233033717702.0,210119243914.0,22914473788.0,20778695431.0,43693169219.0,-40075614449.0,3617554770.0,-853695647.0,17521775.0,2746337348.0,1825699414.0,5443254184.0,,2288614456.666667,3384949470.0,-4329408851.0,3564729547.0,2620270166.0,2284270692.0,5669220162.0,
SRSN.JK,2024-03-31,567456418000.0,345944355000.0,913400773000.0,,,17013814000.0,172280569000.0,21741158000.0,194021727000.0,719379046000.0,124166790000.0,719379046000.0,228194939000.0,181329292000.0,46865647000.0,35011887000.0,81877534000.0,-70843370000.0,11034164000.0,-2440638000.0,,8593526000.0,2782341000.0,13816505000.0,,6009458.741258741,34349122000.0,-6451966000.0,-29336692000.0,-1439536000.0,6451966000.0,40801088000.0,
MKTR.JK,2024-03-31,540743334000.0,823792336000.0,1364535670000.0,,,172542312000.0,279580107000.0,495763045000.0,775343152000.0,589192518000.0,687063271000.0,587659672000.0,247639985000.0,214865855000.0,32774130000.0,15037710000.0,47811840000.0,-38613340000.0,9198500000.0,-4481990000.0,41503000.0,4675007000.0,10063750000.0,19262250000.0,,11987197.435897436,896177000.0,-42225172000.0,25627509000.0,-15701486000.0,38233989000.0,39130166000.0,
ALKA.JK,2024-03-31,318038806000.0,11359202000.0,329398008000.0,,,265030566000.0,117903369000.0,2366481000.0,120269850000.0,209128158000.0,86170000.0,209058461000.0,13822661000.0,8788779000.0,5033882000.0,3192148000.0,8226030000.0,-9805475000.0,-1579445000.0,332000.0,43258000.0,-1622371000.0,20254000.0,-1559191000.0,,506990.9375,-49207852000.0,-3687325000.0,-74626000.0,-52969803000.0,3687325000.0,-45520527000.0,
MICE.JK,2024-03-31,670757546393.0,684875752077.0,1355633298470.0,,,53486339710.0,411236443680.0,48249492849.0,459485936529.0,896147361941.0,298067129188.0,896131901649.0,260029079910.0,134604608390.0,125424471520.0,122488689044.0,247913160564.0,-238447779524.0,9465381040.0,-3704721340.0,-4270.0,5760663970.0,6522197458.0,15987578498.0,,592051795.4779034,-17854126632.0,-934880823.0,11967621515.0,-6821385940.0,934880823.0,-16919245809.0,
BLUE.JK,2024-03-31,61282180642.0,47000387673.0,108282568315.0,,,9200534182.0,7040607354.0,4935549975.0,11976157329.0,96306410986.0,5878922545.0,96306410986.0,35432682588.0,23936236723.0,11496445865.0,6080341051.0,17576786916.0,-11970369320.0,5606417596.0,,,5606417596.0,,,,431262892.0,609362779.0,-2082574250.0,,-1473211471.0,2082574250.0,2691937029.0,
SKLT.JK,2024-03-31,713572889870.0,630654176179.0,1344227066049.0,,,173592175567.0,385140752587.0,119471497629.0,504612250216.0,839614815833.0,178994812916.0,638379808073.0,518475862719.0,389027849274.0,129448013445.0,102539139849.0,231987153294.0,-204229551099.0,27757602195.0,-5086567254.0,103974.0,22670930967.0,1635806059.0,29393408254.0,,1036148581.6727606,18054119707.0,-82219813465.0,-9201647064.0,-73367340822.0,83846079695.0,101900199402.0,
VIVA.JK,2024-03-31,2905055123000.0,4979377779000.0,7884432902000.0,,,18461854000.0,13074148993000.0,292348377000.0,13366497370000.0,-5482064468000.0,3805764504000.0,-5979298413000.0,361601772000.0,93113893000.0,268487879000.0,195785623000.0,464273502000.0,-819619737000.0,-355346235000.0,-3855759000.0,-7264818000.0,-351937176000.0,207538903000.0,-147807332000.0,,16464270.4,5621665000.0,-14337161000.0,-92559000.0,-8808055000.0,13298799000.0,18920464000.0,
WIKA.JK,2024-03-31,29253941880000.0,35368571304000.0,64622513184000.0,,,1950273912000.0,17489560723000.0,38753607084000.0,56243167807000.0,8379345377000.0,39387555262000.0,4617129267000.0,3531653909000.0,3246831117000.0,284822792000.0,252022540000.0,536845332000.0,-1719974721000.0,-1183129389000.0,-9138276000.0,-59518586000.0,-1132749079000.0,711772324000.0,-471357065000.0,,5891541861.0578,-442779367000.0,-757820224000.0,-84609391000.0,-1285208982000.0,520181216000.0,77401849000.0,
NICE.JK,2024-03-31,189055494122.0,133336593167.0,322392087289.0,,,94352387236.0,142921236297.0,36422027703.0,179343264000.0,143048823289.0,7349137625.0,143047930646.0,136321330176.0,86769931523.0,49551398653.0,44293189270.0,93844587923.0,-87624114132.0,6220473791.0,-3890613022.0,-512879.0,2330373648.0,,,,6082020000.0,59788690742.0,-13848798295.0,-468362648.0,45471529799.0,13992942439.0,73781633181.0,
ASSA.JK,2024-03-31,1811791880691.0,5850527716010.0,7662319596701.0,,,839589517700.0,1845649548781.0,3133851182981.0,4979500731762.0,2682818864939.0,3981351434109.0,1927832214576.0,1181858146310.0,842375153872.0,339482992438.0,175326460559.0,514809452997.0,-409398087112.0,105411365885.0,-23968855054.0,10433868844.0,71008641987.0,72874369370.0,178285735255.0,,3690677857.9521832,191161173630.0,-160154496161.0,48645174742.0,79651852211.0,34176630803.0,225337804433.0,
PCAR.JK,2024-03-31,79028021655.0,32153666931.0,111181688586.0,,,2783350046.0,22668386284.0,20723380548.0,43391766832.0,67789921754.0,24670175968.0,70227327752.0,78127719901.0,69356720142.0,8770999759.0,7113438512.0,15884438271.0,-13266357311.0,2618080960.0,,77814.0,2618003146.0,330530985.0,2948611945.0,,1179280696.3963964,-14950041130.0,-28936938.0,794998791.0,-14183979277.0,28936938.0,-14921104192.0,
APII.JK,2024-03-31,295278282184.0,320151982218.0,615430264402.0,,,20069113842.0,185271168685.0,17800293527.0,203071462212.0,412358802190.0,134754313448.0,394199147604.0,77036578834.0,35935308919.0,41101269915.0,34993766933.0,76095036848.0,-72106082543.0,3988954305.0,-1934922452.0,260869051.0,1793162802.0,4131918511.0,8120872816.0,,896581401.0,27380204096.0,-41623211718.0,3844585258.0,-10398422364.0,41623211718.0,69003415814.0,
PNSE.JK,2024-03-31,54127637196.0,300690030361.0,354817667557.0,,,19608344277.0,82317485175.0,76829158423.0,159146643598.0,195671023959.0,68573209600.0,124829526341.0,41217463959.0,21216047234.0,20001416725.0,15625870760.0,35627287485.0,-39480564753.0,-3853277268.0,-43342968.0,-276056340.0,-3620563896.0,,,,724112779.2,-1973899510.0,-5401238997.0,-4561363633.0,-11936502140.0,5978880986.0,4004981476.0,
TOOL.JK,2024-03-31,98268648923.0,117397668066.0,215666316989.0,,,10064586284.0,6954573308.0,17693081262.0,24647654570.0,191018662419.0,19253005711.0,191010733308.0,26108328848.0,15216499770.0,10891829078.0,11753130048.0,22644959126.0,-23791084268.0,-1146125142.0,-21532600.0,-881275.0,-1166776467.0,336621391.0,-809503751.0,,2046976257.894737,9619922271.0,-1821456881.0,-432095756.0,7366369634.0,1821456881.0,11441379152.0,
DATA.JK,2024-03-31,49624361397.0,108403237198.0,158027598595.0,,,5620824567.0,42725053064.0,12182626158.0,54907679222.0,103119919373.0,24686662890.0,103119919373.0,58752380980.0,20682626421.0,38069754559.0,22304460095.0,60374214654.0,-45235325768.0,15138888886.0,-3439990397.0,,11698898489.0,553751547.0,15692640433.0,,1099520534.6804512,10170638165.0,-21835342852.0,-7487972083.0,-19152676770.0,21835342852.0,32005981017.0,
TGUK.JK,2024-03-31,53717603460.0,152322158949.0,206039762409.0,,,4359986624.0,26441407644.0,1290640955.0,27732048599.0,178307713810.0,6000000000.0,178307713810.0,34649405738.0,15102625189.0,19546780549.0,17470330225.0,37017110774.0,-35497478314.0,1519632460.0,-434839368.0,,1084793092.0,285492636.0,1805125096.0,,2522774632.55814,5359934585.0,-36589930438.0,1000000000.0,-30229995853.0,36589930438.0,41949865023.0,
MSTI.JK,2024-03-31,2556390313366.0,227582137094.0,2783972450460.0,,,928986275829.0,616716124937.0,117723303382.0,734439428319.0,2049533022141.0,67210605409.0,2049533022141.0,1119492792508.0,907350640281.0,212142152227.0,86627655044.0,298769807271.0,-168035204702.0,130734602569.0,-25510114264.0,,105224488305.0,2458023645.0,133192626214.0,,2769065481.7105265,104215336336.0,-96191376.0,-178248545653.0,-74129400693.0,4874200788.0,109089537124.0,
PSDN.JK,2024-03-31,12979386246.0,134046088337.0,147025474583.0,,,3238361415.0,22484295077.0,63533796459.0,86018091536.0,61007383047.0,0.0,61007383047.0,1404750800.0,1190684913.0,214065887.0,6574461165.0,6788527052.0,-11863355935.0,-5074828883.0,0.0,0.0,-5074828883.0,0.0,-5074828883.0,,1441712750.8522727,-2896035130.0,0.0,2465000000.0,-431035130.0,0.0,-2896035130.0,
SMMT.JK,2024-03-31,220095612016.0,836246813564.0,1056342425580.0,,,85154408389.0,202317056743.0,33766515103.0,236083571846.0,820258853734.0,,764951036897.0,84388125429.0,70427657900.0,13960467529.0,12646281738.0,26606749267.0,-11843060066.0,14763689201.0,-1195561972.0,778444493.0,12789682736.0,230728262.0,14994417463.0,,3150168161.576355,46969888452.0,-7639248660.0,,39330639792.0,5494463254.0,52464351706.0,
ELSA.JK,2024-03-31,6336232000000.0,3571901000000.0,9908133000000.0,,,2475644000000.0,4345978000000.0,962895000000.0,5308873000000.0,4599260000000.0,1248730000000.0,4597672000000.0,3107783000000.0,2783510000000.0,324273000000.0,112525000000.0,436798000000.0,-200878000000.0,235920000000.0,-52728000000.0,,183192000000.0,27879000000.0,263799000000.0,,7298.4860557768925,528520000000.0,-111586000000.0,-20771000000.0,396163000000.0,112169000000.0,640689000000.0,
ALTO.JK,2024-03-31,127113625035.0,845364774993.0,972478400028.0,,,6720511127.0,163557807106.0,487213821304.0,650771628410.0,321706771618.0,575862478917.0,320248869167.0,27984849521.0,21873695693.0,6111153828.0,6098476876.0,12209630704.0,-11583026437.0,626604267.0,-2685723145.0,-5270753.0,-2053848125.0,624378714.0,1250982981.0,,2184944813.8297877,-842764569.0,339891893.0,-448500161.0,-951372837.0,,,
TOSK.JK,2024-03-31,152523399042.0,43163297726.0,195686696768.0,,,58811483961.0,39038079126.0,8280350348.0,47318429474.0,148368267294.0,19034254771.0,148368259678.0,594130958413.0,584304634242.0,9826324171.0,7334522988.0,17160847159.0,-14781831840.0,2379015319.0,-537080167.0,-253.0,1841935405.0,574023033.0,2953038352.0,,1860540813.131313,-50931485556.0,-3787590521.0,109006434743.0,54287358666.0,3801293917.0,-47130191639.0,
VINS.JK,2024-03-31,,,217216103674.0,7273569492.0,,,,,65996568250.0,151219535424.0,,151219535424.0,23118672983.0,,,,,,1170029334.0,,,1170029334.0,,,,1462536667.5,1976979047.0,2404086435.0,-269904102.0,4111161380.0,5433900.0,1982412947.0,1170029334.0
ZINC.JK,2024-03-31,560437796637.0,2026119090679.0,2586556887316.0,,,41006201894.0,444436232373.0,1419465136804.0,1863901369177.0,722655518139.0,1538332301172.0,722955893464.0,66607325785.0,50268436893.0,16338888892.0,17750138113.0,34089027005.0,-55900527402.0,-21811500397.0,0.0,-1929646595.0,-19881853802.0,30364981358.0,8553480961.0,,25166903546.83544,32294566643.0,-7186055776.0,-30551002720.0,-5442491853.0,7173121485.0,39467688128.0,
TRUS.JK,2024-03-31,,,429898209095.0,12273700.0,,12273700.0,,,47542619476.0,382355589619.0,,382355589619.0,5891048365.0,,5891048365.0,5891048365.0,6287484743.0,,6287484743.0,-1185504407.0,,5101980336.0,,,,799683438.2445141,-67274144380.0,-1713384974.0,-165407847.0,-69152937201.0,1719384974.0,-65554759406.0,
CBRE.JK,2024-03-31,32237333314.0,325916772528.0,358154105842.0,,,8571708291.0,35194244688.0,152332299860.0,187526544548.0,170627561294.0,170384057412.0,170627561294.0,15098281935.0,7294971396.0,7803310539.0,2151777607.0,9955088146.0,-7829242062.0,2125846084.0,-181179383.0,,1944666701.0,3555716990.0,5681563074.0,,4522480700.0,884304696.0,-168362748383.0,2464669599.0,-165013774088.0,168362748383.0,169247053079.0,
KMDS.JK,2024-03-31,171882804898.0,94594431621.0,266477236519.0,,,46454535602.0,40996573929.0,4579377698.0,45575951627.0,220901284892.0,862617560.0,220566460609.0,88303390069.0,59447720201.0,28855669868.0,12349005393.0,41204675261.0,-24330569300.0,16874105961.0,-3585372120.0,-2329450.0,13291063291.0,22668236.0,16896774197.0,,781827252.4117647,9911116837.0,-61924514.0,-173384234.0,9675808089.0,61924514.0,9973041351.0,
JKSW.JK,2024-03-31,36460866058.0,118480081710.0,154940947768.0,,,5561072240.0,10656994060.0,639260330702.0,649917324762.0,-494976376994.0,,-494976376994.0,,,,3756641244.0,3756641244.0,,,,,-1095708706.0,738200.0,,,-43758334.90415336,-644164619.0,,,-644164619.0,,,
LRNA.JK,2024-03-31,20666628530.0,327710106610.0,348376735140.0,,,2529938804.0,20379735998.0,30855930832.0,51235666830.0,297141068310.0,6459148897.0,297141068310.0,19061863968.0,22464087481.0,-3402223513.0,6651811895.0,3249588382.0,-12687894439.0,-9438306057.0,,,-9438306057.0,170002719.0,-9268303338.0,,349955730.70077866,-621681067.0,,2523193717.0,1901512650.0,,,
FISH.JK,2024-03-31,338317000.0,130270762.0,468587762.0,,,50008849.0,238578169.0,43338942.0,281917111.0,186670651.0,134277610.0,178555858.0,389921778.0,369709819.0,20211959.0,7201100.0,27413059.0,-14476598.0,12936461.0,-2785787.0,159589.0,9991085.0,2601978.0,15538439.0,,480000000.0,711563.0,-1347292.0,-12562820.0,-13198549.0,1391525.0,2103088.0,
FAST.JK,2024-03-31,965854023000.0,2999019039000.0,3964873062000.0,,,209868302000.0,2099557239000.0,1330014569000.0,3429571808000.0,535301254000.0,1296779240000.0,524025918000.0,1178609484000.0,514429807000.0,664179677000.0,903575192000.0,1567754869000.0,-1818973751000.0,-251218882000.0,54134618000.0,-872485000.0,-196211779000.0,19520069000.0,-231698813000.0,,4004322.0204081633,68579856000.0,-88842993000.0,20451291000.0,188154000.0,82739889000.0,151319745000.0,
RMKE.JK,2024-03-31,1127327000074.0,1082474090308.0,2209801090382.0,,,19774884584.0,606100681699.0,81024768382.0,687125450081.0,1522675640301.0,457570786895.0,1507710316745.0,585855230310.0,514329706372.0,71525523938.0,20495060201.0,92020584139.0,-43370256239.0,48650327900.0,-10885688578.0,-6812578461.0,44577217783.0,9840609412.0,58490937312.0,,4374604296.663396,131987820068.0,-64779074011.0,-43094681831.0,24114064226.0,108977552749.0,240965372817.0,
PYFA.JK,2024-03-31,968996556348.0,943195892544.0,1912192448892.0,,,453647721635.0,331607628159.0,1268841774525.0,1600449402684.0,311743046208.0,1397444319574.0,311517279885.0,151635602123.0,92569139624.0,59066462499.0,82499400182.0,141565862681.0,-186882520452.0,-45316657771.0,0.0,-17561.0,-45316640210.0,26624530441.0,-18692127330.0,,535088442.6732791,-30507969447.0,-1038892282.0,395225672309.0,363678810580.0,1158623864.0,-29349345583.0,
BUDI.JK,2024-03-31,1917499000000.0,1595370000000.0,3512869000000.0,,,68672000000.0,1446867000000.0,452120000000.0,1898987000000.0,1613882000000.0,1402139000000.0,1487779000000.0,968170000000.0,857545000000.0,110625000000.0,46726000000.0,157351000000.0,-129059000000.0,28292000000.0,-5737000000.0,1757000000.0,20798000000.0,31540000000.0,59832000000.0,,4501.731601731602,-75436000000.0,-44749000000.0,72035000000.0,-48150000000.0,26947000000.0,-48489000000.0,
DUTI.JK,2024-03-31,7700575504487.0,7497779452455.0,15198354956942.0,,,2975025834077.0,3015526895953.0,463807659998.0,3479334555951.0,11719020400991.0,2092465377.0,10429028823374.0,892411672804.0,350156042240.0,542255630564.0,263255384021.0,805511014585.0,-542407542743.0,263103471842.0,-613295523.0,103906065437.0,262490176319.0,35862165818.0,298965637660.0,,1850024625.314979,58139013288.0,17427161643.0,23760740000.0,99326914931.0,23230553116.0,81369566404.0,
TBMS.JK,2024-03-31,115365718.0,28031125.0,143396843.0,,,16214416.0,75043141.0,91871.0,75135012.0,68261831.0,32675203.0,68261831.0,192923385.0,188170172.0,4753213.0,1551191.0,6304404.0,-3733235.0,2571169.0,-583430.0,,1987739.0,668941.0,3240110.0,,198773900.0,-3683252.0,-62667.0,-4437340.0,-8183259.0,62667.0,-3620585.0,
FMII.JK,2024-03-31,181865000000.0,598066000000.0,779931000000.0,,,2052000000.0,87121000000.0,20967000000.0,108088000000.0,671843000000.0,65224000000.0,671555000000.0,9716000000.0,4560000000.0,5156000000.0,2541000000.0,7697000000.0,-5051000000.0,2646000000.0,-122000000.0,,2524000000.0,7000000.0,2653000000.0,,6471794871.794871,1705000000.0,3439000000.0,-4703000000.0,441000000.0,,,
SMLE.JK,2024-03-31,153109994134.0,24653162228.0,177763156362.0,,,66327254076.0,65759869182.0,9361185005.0,75121054187.0,102642102175.0,22087108051.0,102642102175.0,58094652340.0,43214661250.0,14879991090.0,9337911730.0,24217902820.0,-22766842018.0,1451060802.0,-630777679.0,,820283123.0,586409913.0,2037470715.0,,1079319898.6842103,-11726103320.0,-2029096104.0,78883989331.0,65128789907.0,2029096104.0,-9697007216.0,
PTPP.JK,2024-03-31,31237282807696.0,25408700279053.0,56645983086749.0,,,4150675589911.0,27108153042723.0,14220112227257.0,41328265269980.0,15317717816769.0,20080776719367.0,11829353311115.0,4611622581548.0,4083487661590.0,528134919958.0,248481008935.0,776615928893.0,-580852239011.0,195763689882.0,-149095742652.0,-47932890174.0,94600837404.0,264741755004.0,460505444886.0,,6306722493.6,-840011714621.0,-150489331770.0,760615097907.0,-229885948484.0,320027659792.0,-519984054829.0,
ASJT.JK,2024-03-31,,,564265884973.0,11764015764.0,,,,,239805523302.0,324460361671.0,,324460361671.0,94314977927.0,,,,,,1037433184.0,-228235260.0,,809197924.0,,,,1395168834.4827588,-949995775.0,2756242843.0,,1806247068.0,198300419285.0,197350423510.0,809197924.0
KOCI.JK,2024-03-31,72030808995.0,67878718938.0,139909527933.0,,,26180482239.0,11640553170.0,795000696.0,12435553866.0,127473974067.0,423647117.0,127473974067.0,20694622747.0,11833546244.0,8861076503.0,2657618226.0,11518694729.0,-5180279692.0,6338415037.0,-306034277.0,,6032380760.0,13536623.0,6351951660.0,,4403197635.036496,8941093717.0,-8667537104.0,-158069041.0,115487572.0,8687094874.0,17628188591.0,
PTIS.JK,2024-03-31,9695454.0,25969064.0,35664518.0,,,3615895.0,3399454.0,11131599.0,14531053.0,21133465.0,,21133153.0,4883021.0,3729234.0,1153787.0,675378.0,1829165.0,-1594868.0,234297.0,-50343.0,-8634.0,192588.0,72177.0,306474.0,,481470000.0,1836841.0,-548481.0,-72177.0,1216183.0,548481.0,2385322.0,
ZBRA.JK,2024-03-31,2493731062984.0,789397765293.0,3283128828277.0,,,14071659823.0,1870321951817.0,298414611590.0,2168736563407.0,1114392264870.0,1106540855351.0,1096723074780.0,1724458039618.0,1368355683895.0,356102355723.0,353792956526.0,709895312249.0,-849570814609.0,-139675502360.0,-5078187676.0,-6133746489.0,-138619943547.0,163134550045.0,23459047685.0,,-2510776010.632132,297409649147.0,-3813545139.0,-296682938070.0,-3086834062.0,4583448220.0,301993097367.0,
INAF.JK,2024-03-31,236400691761.0,555833406056.0,792234097817.0,,,12373284388.0,1323521209293.0,326808846001.0,1650330055294.0,-858095957477.0,132882325443.0,-858077365695.0,43637479215.0,43346716647.0,290762568.0,42594373312.0,42885135880.0,-97105562710.0,-54220426830.0,276727619.0,-160038.0,-53943539173.0,9919286767.0,-44301140063.0,,3098422698.047099,-21797407560.0,-379109439.0,17478964691.0,-4697552308.0,50000000.0,-21747407560.0,
CGAS.JK,2024-03-31,260160062289.0,92197275387.0,352357337676.0,,,144889484357.0,57855739129.0,50788693754.0,108644432883.0,243712904793.0,30487100173.0,232819087264.0,130405800294.0,111835506155.0,18570294139.0,15268929625.0,33839223764.0,-29931284487.0,3907939277.0,-858705693.0,146477086.0,2902756498.0,485174769.0,4393114046.0,,65971738.59090909,-65169787488.0,14297976767.0,177848379072.0,126976568351.0,1350141960.0,-63819645528.0,
RANC.JK,2024-03-31,562105838000.0,764388856000.0,1326494694000.0,,,127641454000.0,744769806000.0,295696682000.0,1040466488000.0,286028206000.0,481345775000.0,282491493000.0,734392432000.0,553334611000.0,181057821000.0,195892675000.0,376950496000.0,-390517862000.0,-13567366000.0,404697000.0,-32816000.0,-13129853000.0,10571235000.0,-2996131000.0,,164123162.5,51986410000.0,-28147316000.0,-19243834000.0,4595260000.0,17414102000.0,69400512000.0,
ZATA.JK,2024-03-31,463419145855.0,248782749136.0,712201894991.0,,,13842297991.0,78773452013.0,104661493284.0,183434945297.0,528766949694.0,67305128980.0,528766700132.0,64154800725.0,31255961188.0,32898839537.0,23542124772.0,56440964309.0,-49657802314.0,6783161995.0,,-3483.0,6783165478.0,3029128167.0,9812290162.0,,8478956847.5,7089117169.0,-489655686.0,-2353675267.0,4245786216.0,501736996.0,7590854165.0,
CTBN.JK,2024-03-31,146998326.0,41312598.0,188310924.0,,,15311852.0,75677493.0,7378853.0,83056346.0,105254578.0,290598.0,105252636.0,46470026.0,37220512.0,9249514.0,5582737.0,14832251.0,-11151966.0,3680285.0,-802601.0,212.0,2877472.0,,,,719368000.0,8135245.0,-282781.0,-245325.0,7607139.0,284611.0,8419856.0,
HAIS.JK,2024-03-31,325369888004.0,625406025739.0,950775913743.0,,,154263796376.0,135812258527.0,119120132408.0,254932390935.0,695843522808.0,144029786597.0,693624902715.0,243376310539.0,185966977461.0,57409333078.0,22378804418.0,79788137496.0,-46645151469.0,33142986027.0,-3438969803.0,119051804.0,29584964420.0,3391130388.0,36534116415.0,,2625107756.876664,39380430185.0,-22132874367.0,-11137856942.0,6109698876.0,24811326939.0,64191757124.0,
KIAS.JK,2024-03-31,302383013720.0,705056772481.0,1007439786201.0,,,29703557735.0,159072074160.0,29418891130.0,188490965290.0,818948820911.0,25785489340.0,757231047153.0,160217446015.0,151910114673.0,8307331342.0,9817470924.0,18124802266.0,-19010527844.0,-885725578.0,,51619082.0,-937344660.0,53945017.0,-831780561.0,,14928247491.638796,-47688227542.0,-2390204966.0,24823675508.0,-25254757000.0,2390204966.0,-45298022576.0,
IMJS.JK,2024-03-31,10477674258064.0,18931284770231.0,29408959028295.0,,,1591794218845.0,11394821154793.0,13279992218204.0,24674813372997.0,4734145655298.0,23677183195528.0,4357908821857.0,1379798733346.0,829002823654.0,550795909692.0,337643393939.0,888439303631.0,-823908624737.0,64530678894.0,-33618225756.0,-19753860738.0,50666313876.0,205464808295.0,269995487189.0,,8660908354.871796,-191071495617.0,-318997915118.0,432080787461.0,-77988623274.0,322852076646.0,131780581029.0,
BABY.JK,2024-03-31,573931961942.0,263921833167.0,837853795109.0,,,56931034539.0,223775009492.0,129380584877.0,353155594369.0,484698200740.0,162738994137.0,484592610293.0,267056369439.0,155587655970.0,111468713469.0,138784828856.0,250253542325.0,-275717245494.0,-25463703169.0,821705344.0,1245425.0,-24643243250.0,3242562491.0,-22221140678.0,,2355950597.51434,-21934787158.0,-4330501006.0,18307610706.0,-7957677458.0,4330501006.0,-17604286152.0,
PIPA.JK,2024-03-31,126883727512.0,55071829146.0,181955556658.0,,,11410041614.0,31100014394.0,4393421680.0,35493436074.0,146462120584.0,16147297717.0,146461879745.0,6854772554.0,4816709635.0,2038062919.0,1360721671.0,3398784590.0,-3176451829.0,222332761.0,,5682.0,222327079.0,320889708.0,543222469.0,,2779088487.5,-376343108.0,11075786524.0,-10720655133.0,-21211717.0,961371475.0,585028367.0,
INDR.JK,2024-03-31,293995371.0,503794179.0,797789550.0,,,10863055.0,285731693.0,104481251.0,390212944.0,407576606.0,115872513.0,403434092.0,220689101.0,221620572.0,-931471.0,5805097.0,4873626.0,-14812008.0,-9938382.0,2350649.0,-631.0,-7587102.0,1732715.0,-8205667.0,,163515129.31034485,6369289.0,-4268394.0,-3623576.0,-1522681.0,3675719.0,10045008.0,
MSJA.JK,2024-03-31,46380549.0,67307333.0,113687882.0,,,25197444.0,18765077.0,10433599.0,29198676.0,84489206.0,17998905.0,81851049.0,17357013.0,14478722.0,2878291.0,1493727.0,4372018.0,-3980110.0,391908.0,-56531.0,-9963.0,345340.0,348112.0,740020.0,,5755666666.666667,1125512.0,-5498845.0,8944499.0,4571166.0,5501791.0,6627303.0,
SKBM.JK,2024-03-31,1069617958656.0,757128051584.0,1826746010240.0,,,329195475784.0,659225950548.0,97094265916.0,756320216464.0,1070425793776.0,502217236225.0,1001705990307.0,567136830572.0,485869814736.0,81267015836.0,68858504525.0,150125520361.0,-145886882606.0,4238637755.0,-2221930980.0,-362456862.0,2379163637.0,9839446582.0,14078084337.0,,1724031621.014493,105820654299.0,-7232944588.0,-63119184077.0,35468525634.0,7614220206.0,113434874505.0,
TEBE.JK,2024-03-31,471680730000.0,699678290000.0,1171359020000.0,,,425374540000.0,42018607000.0,17035749000.0,59054356000.0,1112304664000.0,,1104265454000.0,97333653000.0,58984378000.0,38349275000.0,9597656000.0,47946931000.0,-15341101000.0,32605830000.0,-7390727000.0,177116000.0,25037987000.0,9138000.0,32614968000.0,,1285317.6078028746,18887645000.0,3192419000.0,-100215000.0,21979849000.0,295281000.0,19182926000.0,
BAPA.JK,2024-03-31,22925195111.0,111029209026.0,133954404137.0,,,413539508.0,9193143021.0,544771195.0,9737914216.0,124216489921.0,3000000000.0,124203223808.0,521206581.0,398356384.0,122850197.0,1487875796.0,1610725993.0,-3115204491.0,-1504478498.0,-32196248.0,,-1536674746.0,140034340.0,-1364444158.0,,642960144.7698745,-967188955.0,270827167.0,159468000.0,-536893788.0,1677833.0,-965511122.0,
APLN.JK,2024-03-31,11033538375000.0,17166681319000.0,28200219694000.0,,,670816801000.0,8510977982000.0,6387078445000.0,14898056427000.0,13302163267000.0,7472885439000.0,10569772742000.0,712796734000.0,446086746000.0,266709988000.0,234751498000.0,501461486000.0,-587993284000.0,-86531798000.0,-23448904000.0,16509461000.0,-109980702000.0,110221924000.0,23690126000.0,,22709185.45780969,44992300000.0,-1424320000.0,-142890484000.0,-99322504000.0,11227077000.0,56219377000.0,
BCIP.JK,2024-03-31,348984150230.0,543456959398.0,892441109628.0,,,10806684331.0,88892438752.0,313065990688.0,401958429440.0,490482680188.0,54386910520.0,475540927348.0,33102527393.0,16861941069.0,16240586324.0,8891972648.0,25132558972.0,-14555666144.0,10576892828.0,-1374165772.0,504209220.0,9202727056.0,,,,1430677275.6578946,-3915559212.0,-2827260564.0,-2562782014.0,-9305601790.0,1087980760.0,-2827578452.0,
CASS.JK,2024-03-31,1128204000000.0,917855000000.0,2046059000000.0,,,539405000000.0,742967000000.0,135492000000.0,878459000000.0,1167600000000.0,100426000000.0,787592000000.0,618533000000.0,456197000000.0,162336000000.0,,162336000000.0,14956000000.0,177292000000.0,-41961000000.0,64644000000.0,73612000000.0,3647000000.0,180939000000.0,,2103.2,118551000000.0,-18472000000.0,-13827000000.0,86252000000.0,18559000000.0,137110000000.0,
ENRG.JK,2024-03-31,244514957.0,1178605640.0,1423120597.0,,,70087059.0,382531196.0,438027432.0,820558628.0,602561969.0,306118193.0,673164218.0,97279717.0,64095082.0,33184635.0,5547307.0,38731942.0,-24165685.0,14566257.0,3118536.0,15085.0,17669708.0,8223981.0,22790238.0,,24886912676.05634,23604958.0,-44665995.0,8482195.0,-12578842.0,49492593.0,73097551.0,
AGII.JK,2024-03-31,1658702000000.0,6275403000000.0,7934105000000.0,,,505699000000.0,907956000000.0,3257308000000.0,4165264000000.0,3768841000000.0,3541931000000.0,3678599000000.0,691559000000.0,370411000000.0,321148000000.0,200130000000.0,521278000000.0,-470498000000.0,50780000000.0,-10085000000.0,2141000000.0,38554000000.0,77385000000.0,128165000000.0,,3067.1439936356405,44542000000.0,-212400000000.0,98977000000.0,-68881000000.0,213393000000.0,257935000000.0,
BMHS.JK,2024-03-31,896731998855.0,2242282922430.0,3139014921285.0,,,614369491781.0,587960979754.0,733017006092.0,1320977985846.0,1818036935439.0,1155087102941.0,1600927544765.0,413751175478.0,219167444047.0,194583731431.0,156946408999.0,351530140430.0,-328859881902.0,22670258528.0,-5042921477.0,6757381306.0,10869955745.0,15127673129.0,37797931657.0,,10869955745.0,5962335492.0,-47654409012.0,28237566116.0,-13454507404.0,47654409012.0,53616744504.0,
PUDP.JK,2024-03-31,243048520403.0,285767167265.0,528815687668.0,,,74208149690.0,11003324929.0,5343998905.0,16347323834.0,512468363834.0,1928000160.0,512358580213.0,7588260574.0,2731102299.0,4857158275.0,8811107496.0,13668265771.0,-17616522595.0,-3948256824.0,-208756679.0,,-4157013503.0,59433986.0,-3888822838.0,,329660071.6098335,814515159.0,-551957087.0,277292327.0,539850399.0,551957087.0,1366472246.0,
TBIG.JK,2024-03-31,4082877000000.0,42674613000000.0,46757490000000.0,,,695837000000.0,20236495000000.0,13870281000000.0,34106776000000.0,12650714000000.0,30040203000000.0,11991095000000.0,1704665000000.0,464568000000.0,1240097000000.0,143468000000.0,1383565000000.0,-788917000000.0,594648000000.0,-232091000000.0,12715000000.0,349842000000.0,484429000000.0,1079077000000.0,,22643.495145631063,1665753000000.0,-674253000000.0,-1100054000000.0,-108554000000.0,675303000000.0,2341056000000.0,
SMRA.JK,2024-03-31,15556251965000.0,16278318078000.0,31834570043000.0,,,3388257195000.0,12628569255000.0,6479071080000.0,19107640335000.0,12726929708000.0,7771832052000.0,10266080092000.0,2133692132000.0,1033699394000.0,1099992738000.0,383380069000.0,1483372807000.0,-950232464000.0,533140343000.0,-87474336000.0,4274403000.0,445666007000.0,,,,16506791.473448018,319882537000.0,-764401395000.0,539899331000.0,95380473000.0,765135438000.0,1085017975000.0,
HOPE.JK,2024-03-31,108720883494.0,68222233927.0,176943117421.0,,,48965007.0,63741909024.0,2047616960.0,65789525984.0,111153591437.0,55248138535.0,111143312822.0,3913107214.0,4132595491.0,-219488277.0,2122703754.0,1903215477.0,-5849465512.0,-3946250035.0,36547929.0,-1170298.0,-3908531808.0,,,,2129722516.5383928,-22588942.0,-4899998.0,-15073955.0,-42562895.0,4899998.0,-17688944.0,
TYRE.JK,2024-03-31,272698025874.0,209098751025.0,481796776899.0,,,60377866616.0,152531103410.0,17766192818.0,170297296228.0,311499480671.0,122141111931.0,300276387117.0,140671449474.0,117690028080.0,22981421394.0,10446748151.0,33428169545.0,-23980039111.0,9448130434.0,-2003522131.0,282270500.0,7162337803.0,,,,3476863011.1650486,55239075990.0,-20498587821.0,2249201032.0,36989689201.0,20498587821.0,75737663811.0,
MYOR.JK,2024-03-31,16190454522483.0,9727866100600.0,25918320623083.0,,,4805227823946.0,4535807701032.0,4964604861760.0,9500412562792.0,16417908060291.0,4322475687834.0,16156888860136.0,8761157296274.0,6326437670926.0,2434719625348.0,1121206549676.0,3555926175024.0,-2148923579287.0,1407002595737.0,-276668240951.0,18208838016.0,1112125516770.0,55137964451.0,1462140560188.0,,22242510335.4,1108121936921.0,-551299063397.0,58577541667.0,615400415191.0,624681670677.0,1732803607598.0,
OBMD.JK,2024-03-31,150218761193.0,38366754933.0,188585516126.0,,,66156684023.0,19378620775.0,14741012666.0,34119633441.0,154465882685.0,9326158166.0,154465882685.0,53413524368.0,8278004709.0,45135519659.0,20878922668.0,66014442327.0,-41639779137.0,24374663190.0,-5327801207.0,,19046861983.0,-46943283.0,24327719907.0,,806045788.5315278,-10150338368.0,-3467793162.0,2213903872.0,-11404227658.0,335393162.0,-9814945206.0,
BRPT.JK,2024-03-31,3428766000.0,6619708000.0,10048474000.0,,,1428835000.0,1004730000.0,4901709000.0,5906439000.0,4142035000.0,4456864000.0,1706668000.0,618595000.0,501366000.0,117229000.0,50394000.0,167623000.0,-126959000.0,40664000.0,-26588000.0,5218000.0,8858000.0,83961000.0,124625000.0,,93561767.315,-359540000.0,-162340000.0,150484000.0,-371396000.0,94392000.0,-265148000.0,
RICY.JK,2024-03-31,1344838000992.0,198430837106.0,1543268838098.0,,,37696181804.0,1105055465624.0,286836363951.0,1391891829575.0,151377008523.0,1157282279438.0,131400906381.0,239202627169.0,186411628491.0,52790998678.0,42599517823.0,95390516501.0,-115356068053.0,-19965551552.0,-573921132.0,-1684528831.0,-18854943853.0,18741547759.0,-1224003793.0,,641761193.0905378,39648017129.0,-436259044.0,-26244278455.0,12967479630.0,533887013.0,40181904142.0,
COAL.JK,2024-03-31,389549576833.0,261152377492.0,650701954325.0,,,23456374153.0,302871862027.0,11985526296.0,314857388323.0,335844566002.0,126861170756.0,332926603490.0,109029790676.0,91009043486.0,18020747190.0,4661841596.0,22682588786.0,-12575104899.0,10107483887.0,-2203320661.0,69224460.0,7834938766.0,3202264988.0,13309748875.0,,6267951012.8,-40260871032.0,19953986486.0,-2313099062.0,-22619983608.0,46013514.0,-40214857518.0,
LMPI.JK,2024-03-31,489336206884.0,190077258019.0,679413464903.0,,,6406087905.0,488866702755.0,19194807927.0,508061510682.0,171351954221.0,253204271584.0,171351954221.0,129306505107.0,113697257718.0,15609247389.0,17825106141.0,33434353530.0,-40430184439.0,-6995830909.0,1336057581.0,,-5659773328.0,4766546283.0,-2229284626.0,,1008872250.980392,-9651290463.0,-276548928.0,9386018484.0,-541820907.0,276548928.0,-9374741535.0,
AKPI.JK,2024-03-31,1290797354000.0,2174906837000.0,3465704191000.0,,,47550845000.0,1120165561000.0,640799875000.0,1760965436000.0,1704738755000.0,1185854564000.0,1704845266000.0,760511115000.0,684089946000.0,76421169000.0,46910163000.0,123331332000.0,-116643948000.0,6687384000.0,-4226800000.0,,2460584000.0,18363627000.0,25051011000.0,,615146000.0,-30428108000.0,-18184506000.0,31563147000.0,-17049467000.0,17377755000.0,-13050353000.0,
GRPH.JK,2024-03-31,5419664562.0,85058601376.0,90478265938.0,,,3186448241.0,4966868904.0,14181968613.0,19148837517.0,71329428421.0,13248949475.0,71329428421.0,6624935493.0,3643030459.0,2981905034.0,2649659058.0,5631564092.0,-5414968101.0,216595991.0,16718551.0,,233314542.0,0.0,216595991.0,,201133225.86206895,399255861.0,-15119002699.0,17299621563.0,2579874725.0,15119002699.0,15518258560.0,
ACES.JK,2024-03-31,5836513208610.0,2170448607149.0,8006961815759.0,,,2239950794045.0,734881518788.0,882374467364.0,1617255986152.0,6389705829607.0,896970952947.0,6348187368314.0,1992527663684.0,1025841685411.0,966685978273.0,729779452227.0,1696465430500.0,-1442116878756.0,254348551744.0,-51040511225.0,-1511915189.0,204819955708.0,9949471853.0,264298023597.0,,17111107410.860483,122999210757.0,-85058358222.0,-115180626587.0,-77239774052.0,86087477227.0,209086687984.0,
BYAN.JK,2024-03-31,1279722317.0,1573790499.0,2853512816.0,,,602252210.0,530234199.0,127395552.0,657629751.0,2195883065.0,137249296.0,2091774624.0,769126484.0,456971426.0,312155058.0,23121893.0,335276951.0,-60947084.0,274329867.0,-57060624.0,6627205.0,210642038.0,6476118.0,280805985.0,,21064203800.0,497657856.0,-48977313.0,-760000025.0,-311319482.0,50247129.0,547904985.0,
SPMA.JK,2024-03-31,1320134250800.0,1919465596829.0,3239599847629.0,,,279270949502.0,396689536461.0,500902301454.0,897591837915.0,2342008009714.0,514321485280.0,2342008009714.0,657611177636.0,540102545228.0,117508632408.0,60449859263.0,177958491671.0,-147642527747.0,30315963924.0,-7726930127.0,,22589033797.0,12493319868.0,42809283792.0,,3227004828.142857,156245184416.0,-13054207951.0,-191213291128.0,-48022314663.0,13428795223.0,169673979639.0,
SMGA.JK,2024-03-31,488559656887.0,30959049933.0,519518706820.0,,,4938254433.0,178593570102.0,1650895382.0,180244465484.0,339274241336.0,31244410095.0,340254846744.0,147314534337.0,135171728754.0,12142805583.0,5772266824.0,17915072407.0,-13062079629.0,4852992778.0,-1233266330.0,-314348852.0,3934075300.0,1526746682.0,6379739460.0,,8742389555.555555,-132493294621.0,-10933979730.0,147854560480.0,4427286129.0,10933979730.0,-121559314891.0,
ULTJ.JK,2024-03-31,4739974000000.0,3232950000000.0,7972924000000.0,,,2521711000000.0,754733000000.0,124545000000.0,879278000000.0,7093646000000.0,27239000000.0,7005069000000.0,2297857000000.0,1521038000000.0,776819000000.0,304141000000.0,1080960000000.0,-560476000000.0,520484000000.0,-113042000000.0,2352000000.0,405090000000.0,567000000.0,521051000000.0,,10386.923076923076,492348000000.0,-141092000000.0,-3869000000.0,347387000000.0,146292000000.0,638640000000.0,
ANDI.JK,2024-03-31,30980653788.0,347514195968.0,378494849756.0,,,10370581978.0,53318222305.0,150239319049.0,203557541354.0,174937308402.0,162325622404.0,174937308402.0,25526627325.0,28128884644.0,-2602257319.0,5014449091.0,2412191772.0,-10467996490.0,-8055804718.0,253769655.0,,-7802035063.0,2737864537.0,-5317940181.0,,2328965690.447761,7047802327.0,-5514771228.0,472766115.0,2005797214.0,5514771228.0,12562573555.0,
STTP.JK,2024-03-31,4049564160679.0,1935051959813.0,5984616120492.0,,,2902320550200.0,507189378857.0,129316109702.0,636505488559.0,5348110631933.0,,5320782966746.0,1214202956133.0,842642928218.0,371560027915.0,87442822180.0,459002850095.0,100048911033.0,559051761128.0,-54061908607.0,229084431.0,504760768090.0,0.0,559051761128.0,,1310000000.0,306669536880.0,194710479292.0,0.0,501380016172.0,15242779602.0,321912316482.0,
ARTI.JK,2024-03-31,33625122426.0,560672720303.0,594297842729.0,,,438622690.0,754198587845.0,7533660728.0,761732248573.0,-167434405844.0,7638503040.0,-173787701984.0,6879687700.0,4079338342.0,2800349358.0,5623278212.0,8423627570.0,-10803608186.0,-2379980616.0,,-164567865.0,-2215412751.0,,,,7297889676.526676,-11988336684.0,-300000000.0,11731697461.0,-556639223.0,300000000.0,-11688336684.0,
AWAN.JK,2024-03-31,54269093000.0,44715105000.0,98984198000.0,,,22564491000.0,2962656000.0,2833543000.0,5796199000.0,93187999000.0,1032705000.0,92895727000.0,11581005000.0,4986282000.0,6594723000.0,5109960000.0,11704683000.0,-9618448000.0,2086235000.0,-515856000.0,-8611000.0,1578990000.0,,,,3432586.9565217397,-4629489000.0,-2165432000.0,-95176000.0,-6890097000.0,2165432000.0,-2464057000.0,
BTON.JK,2024-03-31,333619012787.0,46620029213.0,380239042000.0,,,657763131.0,107792168644.0,1543702918.0,109335871562.0,270903170438.0,,270903170438.0,26106548840.0,23047694960.0,3058853880.0,3668976329.0,6727830209.0,5743274940.0,12471105149.0,815189637.0,,13286294786.0,0.0,12471105149.0,,720124378.6449865,180184007.0,-397400000.0,0.0,-217215993.0,397400000.0,577584007.0,
AYAM.JK,2024-03-31,126047391655.0,242531477578.0,368578869233.0,,,6841095424.0,154999846551.0,10310568675.0,165310415226.0,203268454007.0,23205000341.0,203268454007.0,97453253711.0,91263832405.0,6189421306.0,3007157387.0,9196578693.0,-5957483320.0,3239095373.0,-719016990.0,,2520078383.0,1017666537.0,4256761910.0,,4000124417.4603176,-1305794396.0,-714391251.0,-2053221057.0,-4073406704.0,714391251.0,-591403145.0,
PRAY.JK,2024-03-31,1711207000000.0,3099527000000.0,4810734000000.0,,,1019197000000.0,491757000000.0,1304282000000.0,1796039000000.0,3014695000000.0,1286371000000.0,2879486000000.0,520417000000.0,370850000000.0,149567000000.0,82076000000.0,231643000000.0,-135563000000.0,96080000000.0,-15929000000.0,-876000000.0,81027000000.0,22898000000.0,118978000000.0,,13970.172413793103,26100000000.0,-40734000000.0,8229000000.0,-6405000000.0,52234000000.0,78334000000.0,
BBLD.JK,2024-03-31,,,6400063000000.0,466120000000.0,,466120000000.0,,,4982358000000.0,1417705000000.0,,1417705000000.0,99736000000.0,,99736000000.0,69553000000.0,414000000.0,30183000000.0,30597000000.0,-6229000000.0,,24368000000.0,,,,1645.3747467927076,-436115000000.0,-6964000000.0,571320000000.0,128241000000.0,7044000000.0,-429071000000.0,
EMDE.JK,2024-03-31,1512549462248.0,2025628171127.0,3538177633375.0,,,67640488541.0,1127036101320.0,1061104436485.0,2188140537805.0,1350037095570.0,958819775849.0,1341515393366.0,43598348031.0,15944506722.0,27653841309.0,16990512292.0,44644353601.0,-50322622397.0,-5678268796.0,-2244843033.0,-37697577.0,-7923111829.0,15861706615.0,10183437819.0,,3355495426.3829784,3455286445.0,-119389169.0,10421004649.0,13756901925.0,19389169.0,3474675614.0,
SMCB.JK,2024-03-31,5691931000000.0,16165284000000.0,21857215000000.0,,,237752000000.0,5078671000000.0,4199993000000.0,9278664000000.0,12578551000000.0,2967275000000.0,12578551000000.0,2772818000000.0,2302657000000.0,470161000000.0,299654000000.0,769815000000.0,-667203000000.0,102612000000.0,-28675000000.0,,73937000000.0,64142000000.0,166754000000.0,,9242.125,38594000000.0,-108083000000.0,-32082000000.0,-101571000000.0,108063000000.0,146657000000.0,
TAMA.JK,2024-03-31,18690879832.0,173461226144.0,192152105976.0,,,2427040395.0,53584164811.0,85426898905.0,139011063716.0,53141042260.0,134598948334.0,53141042260.0,10226582924.0,5706268669.0,4520314255.0,1696503597.0,6216817852.0,-5642537164.0,574280688.0,-387557466.0,,186723222.0,2249203359.0,2823484047.0,,1167020137.5,4236759402.0,232483298.0,-2639898144.0,1829344556.0,,,
SSMS.JK,2024-03-31,5724795058000.0,6431689847000.0,12156484905000.0,,,1376693232000.0,4994592490000.0,4874926803000.0,9869519293000.0,2286965612000.0,7826457048000.0,2037997407000.0,2519043162000.0,1747671750000.0,771371412000.0,335108894000.0,1106480306000.0,-722961543000.0,383518763000.0,-96975617000.0,9635810000.0,276907336000.0,166077596000.0,549596359000.0,,9525536.154110769,438354706000.0,10674464000.0,-310655290000.0,138373880000.0,202271118000.0,640625824000.0,
ERTX.JK,2024-03-31,42403708.0,34905927.0,77309635.0,,,5951655.0,32570664.0,19162956.0,51733620.0,25576015.0,25480240.0,25574967.0,29925192.0,27146796.0,2778396.0,1439728.0,4218124.0,-3619793.0,598331.0,-94704.0,,503627.0,666660.0,1264991.0,,1259067500.0,4860571.0,-425851.0,-1951710.0,2483010.0,425934.0,5286505.0,
GDYR.JK,2024-03-31,43587339.0,67559528.0,111146867.0,,,8081989.0,56253605.0,1610276.0,57863881.0,53282986.0,6006100.0,53282986.0,40501718.0,35290177.0,5211541.0,2730240.0,7941781.0,-5027453.0,2914328.0,-629332.0,,2284996.0,220944.0,3135272.0,,380832666.6666667,5695783.0,-1159203.0,-2496779.0,2039801.0,1179047.0,6874830.0,
CSAP.JK,2024-03-31,6068651029000.0,5330661136000.0,11399312165000.0,,,227954250000.0,5721485392000.0,2117562242000.0,7839047634000.0,3560264531000.0,4281975259000.0,3361266128000.0,4278543602000.0,3564846686000.0,713696916000.0,588419000000.0,1302115916000.0,-1228905505000.0,73210411000.0,-15521022000.0,3872571000.0,53816818000.0,74997671000.0,148208082000.0,,5979646.444444444,50138547000.0,-161504035000.0,173931281000.0,62565793000.0,167236717000.0,217375264000.0,
CLPI.JK,2024-03-31,699288270804.0,119873465183.0,819161735987.0,,,275398361014.0,233081720593.0,13706671122.0,246788391715.0,572373344272.0,85333168346.0,572302090052.0,232178292634.0,200751573112.0,31426719522.0,11946656678.0,43373376200.0,-22668084600.0,20705291600.0,-4058927150.0,7815168.0,16638549282.0,908306936.0,21613598536.0,,306362535.1132388,-4155980242.0,32664972100.0,16700000000.0,45208991858.0,,,
ASLC.JK,2024-03-31,564469332403.0,329055142018.0,893524474421.0,,,243832550354.0,156280089394.0,16366975424.0,172647064818.0,720877409603.0,4000000000.0,706955677401.0,183318653745.0,119989003004.0,63329650741.0,48639734205.0,111969384946.0,-90857112000.0,21112272946.0,-4161720980.0,1602587446.0,15347964520.0,805182520.0,21917455466.0,,12789970433.333334,-2097784610.0,-1110811005.0,236289560.0,-2972306055.0,7003297913.0,4905513303.0,
MMIX.JK,2024-03-31,268676974123.0,100443336224.0,369120310347.0,,,9680488692.0,139877067292.0,51468893322.0,191345960614.0,177774349733.0,107830308719.0,177774349733.0,30150393606.0,10183565476.0,19966828130.0,19832251137.0,39799079267.0,-41897753176.0,-2098673909.0,408727826.0,,-1689946083.0,4539772186.0,2441098277.0,,2414208690.0,-32923751782.0,-60943960210.0,38732752409.0,-55134959583.0,60943960210.0,28020208428.0,
NCKL.JK,2024-03-31,13737202000000.0,34649100000000.0,48386302000000.0,,,6066978000000.0,10656980000000.0,7810295000000.0,18467275000000.0,29919027000000.0,9189318000000.0,24873710000000.0,6034165000000.0,4416513000000.0,1617652000000.0,373554000000.0,1991206000000.0,-508200000000.0,1483006000000.0,-192087000000.0,289591000000.0,1001328000000.0,222776000000.0,1705782000000.0,,60834.02187120292,2366957000000.0,-313812000000.0,19421000000.0,2072566000000.0,313832000000.0,2680789000000.0,
INCF.JK,2024-03-31,317884956781.0,125620629682.0,443505586463.0,,,10322275917.0,285690982960.0,9914436257.0,295605419217.0,147900167246.0,279027209995.0,146724609169.0,46051896302.0,36548894839.0,9503001463.0,2365060658.0,11868062121.0,,,,10760794.0,910946246.0,6226332647.0,,,1445946422.2222223,5557588436.0,,-4030480559.0,1527107877.0,,,
EPAC.JK,2024-03-31,24948884211.0,258187244598.0,283136128809.0,,,2675436165.0,45650478918.0,156578949994.0,202229428912.0,80906699897.0,139137490633.0,87318041752.0,31026684262.0,26998771466.0,4027912796.0,5381381103.0,9409293899.0,-14145161269.0,-4735867370.0,20495894.0,286150896.0,-5001522372.0,3783248848.0,-952618522.0,,3312266471.5231786,4149648221.0,-1395476778.0,-2140096402.0,614075041.0,1395476778.0,5545124999.0,
SCNP.JK,2024-03-31,258308658307.0,157682230600.0,415990888907.0,,,125466422178.0,48659496538.0,10552454486.0,59211951024.0,356778937883.0,,356777396090.0,62410848736.0,55754297419.0,6656551317.0,9076106166.0,15732657483.0,-12392188959.0,3340468524.0,,89706.0,3340378818.0,,,,2492820013.432836,12402712646.0,-1006142034.0,,11396570612.0,1006142034.0,13408854680.0,
ALII.JK,2024-03-31,472176456000.0,1783695129000.0,2255871585000.0,,,86240778000.0,528879927000.0,170604184000.0,699484111000.0,1556387474000.0,418356441000.0,1557961448000.0,250626310000.0,129508730000.0,121117580000.0,22164432000.0,143282012000.0,-64923507000.0,78358505000.0,-5171409000.0,-542528000.0,73729624000.0,42040414000.0,120398919000.0,,14513705511.811024,-90732636000.0,-86523613000.0,262279970000.0,85023721000.0,107900725000.0,17168089000.0,
LTLS.JK,2024-03-31,2558180000000.0,3088779000000.0,5646959000000.0,,,343568000000.0,2086814000000.0,523965000000.0,2610779000000.0,3036180000000.0,915067000000.0,2761751000000.0,1917642000000.0,1595392000000.0,322250000000.0,243465000000.0,565715000000.0,-452277000000.0,113438000000.0,-25245000000.0,659000000.0,87534000000.0,21805000000.0,135243000000.0,,1509.2068965517242,106107000000.0,39819000000.0,-185302000000.0,-39376000000.0,33689000000.0,139796000000.0,
ESIP.JK,2024-03-31,36407621194.0,62813856150.0,99221477344.0,,,1279370859.0,1524263769.0,1124226201.0,2648489970.0,96572987374.0,1243072941.0,96572987374.0,14248780215.0,13337981234.0,910798981.0,597170682.0,1507969663.0,-1220098133.0,287871530.0,-34003860.0,0.0,253867670.0,35837519.0,323709049.0,,1103772478.2608695,-2070925726.0,-20000000.0,-196998480.0,-2287924206.0,20000000.0,-2050925726.0,
LCKM.JK,2024-03-31,132535084049.0,6704798681.0,139239882730.0,,,6400947762.0,4998166689.0,0.0,4998166689.0,134241716041.0,0.0,134241716041.0,300766610.0,500605833.0,-199839223.0,1705704325.0,1505865102.0,-3353468475.0,-1847603373.0,,,-1847603373.0,,,,1004132267.9347826,-1151113016.0,-9458000.0,,-1160571016.0,9458000.0,-1141655016.0,
MKAP.JK,2024-03-31,264989037837.0,146473855897.0,411462893734.0,,,73961607467.0,121556489338.0,38254668420.0,159811157758.0,251651735976.0,117465622640.0,251651735976.0,79659545887.0,48592322991.0,31067222896.0,10614874521.0,41682097417.0,-23837279913.0,17844817504.0,-2314985494.0,,15529832010.0,2555840431.0,20400657935.0,,801332921.0526316,-27398435368.0,-12485136730.0,100587420959.0,60703848861.0,12485136730.0,-14913298638.0,
TALF.JK,2024-03-31,546923228249.0,1222816864210.0,1769740092459.0,,,16638544253.0,274798511224.0,269638632661.0,544437143885.0,1225302948574.0,297157859072.0,1187084644103.0,332829099769.0,298122775171.0,34706324598.0,23642722182.0,58349046780.0,-48135896881.0,10213149899.0,-2339974954.0,513590258.0,7359584687.0,4245543508.0,14458693407.0,,1352864832.1691177,31105323382.0,-32115156165.0,695134473.0,-314698310.0,33443261734.0,64548585116.0,
MIRA.JK,2024-03-31,33288312562.0,206057756183.0,239346068745.0,,,945273827.0,45347802558.0,33911943226.0,79259745784.0,160086322961.0,51458932803.0,158671207711.0,13319057227.0,14374792443.0,-1055735216.0,1310034149.0,254298933.0,-1399969876.0,-1145670943.0,-511929285.0,-342131043.0,-1315469185.0,,,,3986270257.5757575,1352683172.0,584592950.0,-1406888224.0,530387898.0,335159303.0,1687842475.0,
MLIA.JK,2024-03-31,2448342434000.0,4534375630000.0,6982718064000.0,,,681265330000.0,1012203565000.0,906500499000.0,1918704064000.0,5064014000000.0,856512553000.0,5064014000000.0,1072478617000.0,800735614000.0,271743003000.0,131357483000.0,403100486000.0,-268503013000.0,134597473000.0,-28767727000.0,,105829746000.0,19656627000.0,154254100000.0,,6614359.125,69751222000.0,-25824013000.0,-69005773000.0,-25078564000.0,30354245000.0,100105467000.0,
SKRN.JK,2024-03-31,1044455612269.0,1930289494869.0,2974745107138.0,,,395971223602.0,1205700286183.0,860076105794.0,2065776391977.0,908968715161.0,813080400678.0,907112969832.0,305978827144.0,196499650101.0,109479177043.0,36797073705.0,146276250748.0,-78104659117.0,68171591631.0,-5768026757.0,-1115361184.0,62403564874.0,15000859459.0,83172451090.0,,6815335413.948498,37566594869.0,2608940942.0,-75453027365.0,-35277491554.0,9347212754.0,46913807623.0,
SQMI.JK,2024-03-31,41465658870.0,475699117207.0,517164776077.0,,,2634600964.0,390738772011.0,35468783157.0,426207555168.0,90957220909.0,27137603481.0,96718405302.0,136115391.0,132784125.0,3331266.0,10482408377.0,10485739643.0,-22715947315.0,-12230207672.0,-1575352160.0,-239115411.0,-13566444421.0,637846420.0,-11592361252.0,,15593614277.011494,-8700786970.0,-215426860.0,8913712815.0,-2501015.0,215426860.0,-8485360110.0,
AMAN.JK,2024-03-31,599099021000.0,526444082000.0,1125543103000.0,,,31510177000.0,255000158000.0,150661391000.0,405661549000.0,719881554000.0,163673325000.0,717357737000.0,36946704000.0,12136775000.0,24809929000.0,8472829000.0,33282758000.0,-18830643000.0,14452115000.0,-1558662000.0,1815632000.0,12893453000.0,2553603000.0,17005718000.0,,3326672.972972973,-13799028000.0,-18992364000.0,15896390000.0,-16895002000.0,18992364000.0,5193336000.0,
TBLA.JK,2024-03-31,11379092000000.0,13883980000000.0,25263072000000.0,,,782340000000.0,8187398000000.0,8652220000000.0,16839618000000.0,8423454000000.0,12753575000000.0,8410874000000.0,4389429000000.0,3623133000000.0,766296000000.0,224885000000.0,991181000000.0,-710708000000.0,280473000000.0,-59877000000.0,291000000.0,220305000000.0,296936000000.0,577409000000.0,,6025.847921225383,924125000000.0,-330741000000.0,-341406000000.0,251978000000.0,332247000000.0,1256372000000.0,
ABBA.JK,2024-03-31,109496710930.0,141032656441.0,250529367371.0,,,15986214999.0,233288244934.0,133770267405.0,367058512339.0,-116529144968.0,100353304529.0,10517413143.0,41606982282.0,28398108872.0,13208873410.0,23925116340.0,37133989750.0,-47891526943.0,-10757537193.0,-30617400.0,-1945040994.0,-8843113599.0,900183457.0,-9857353736.0,,3935892857.0,-12900993259.0,-546863322.0,-2022462966.0,-15470319547.0,546863322.0,-12354129937.0,
DMND.JK,2024-03-31,4154842000000.0,2973508000000.0,7128350000000.0,,,600867000000.0,1055141000000.0,178165000000.0,1233306000000.0,5895044000000.0,33022000000.0,5868011000000.0,2427027000000.0,1909516000000.0,517511000000.0,431299000000.0,948810000000.0,-861672000000.0,87138000000.0,-23956000000.0,-2294000000.0,65476000000.0,762000000.0,87900000000.0,,9353.714285714286,102366000000.0,-46883000000.0,-1281000000.0,54202000000.0,48027000000.0,150393000000.0,
ADMG.JK,2024-03-31,50954580.0,102264175.0,153218755.0,,,5425978.0,23481038.0,5134997.0,28616035.0,124602720.0,,124613972.0,26988267.0,26676910.0,311357.0,1420325.0,1731682.0,-3221973.0,-1490291.0,47614.0,-190.0,-1442487.0,41012.0,-1449279.0,,3606217500.0,-364905.0,16933.0,,-347972.0,14194.0,-350711.0,
SCCO.JK,2024-03-31,2293825376632.0,3262494497970.0,5556319874602.0,,,935434269139.0,516647846225.0,41703944700.0,558351790925.0,4997968083677.0,,5009623787407.0,1649882837357.0,1548267161505.0,101615675852.0,54383405083.0,155999080935.0,-80689924972.0,75309155963.0,-14635815735.0,119548574.0,60553791654.0,57935600.0,75367091563.0,,818294481.8108108,174860476415.0,-21533667262.0,-599184.0,153326209969.0,21362558432.0,196223034847.0,
